[{
  "_id": {
    "$oid": "61b78b2cb8f19e45eb06339f"
  },
  "title": "JAVASCRIPT בסיס - תרגולים ",
  "info": "קורס הבסיס של JS שיתן לכם לתרגל יחד עם לימוד עונה 3 באתר",
  "author": "עופר שלי - מרצה מנוסה עם מעל 15 שנות וותק בפיתוח וניהול פרוייקטים ומעל 10 שנים בתחום ההדרכה",
  "skill_needed": "HTML + CSS , וידע בסיס ב JS עונה 3 באתר מאנקיס",
  "img_url": "https://monkeys.co.il/course/js_basic.png",
  "price": 250,
  "short_id": "991",
  "position": 3,
  "category": "general",
  "date_created": {
    "$date": "2021-12-13T18:04:24.199Z"
  },
  "user_id": "61b631c2b4f2f6ae4116feb8",
  "__v": 0,
  "videos_sort": [
    "rjoh4m",
    "3jb5py",
    "l8pqz0",
    "vxo3df",
    "uk51cv",
    "4o3s6a",
    "13cq7i",
    "09umsy",
    "sml5dj",
    "mqen3v",
    "91aqi1",
    "echj4k",
    "5c78fs",
    "k0lyxp",
    "4hm6sp",
    "7vfuyl",
    "uu3dms",
    "48bmui",
    "tzdfwc",
    "pv36jr",
    "9di6l9",
    "3dnimk",
    "51tvfv",
    "91bb1j",
    "qfxnav"
  ]
},{
  "_id": {
    "$oid": "61b7a91daa9ed75add54e6e8"
  },
  "title": "קורס BOOTSTRAP 5 - מלא - עונה 2 החדשה",
  "info": "קורס בסיס של BS 5 עם תרגול של יציתרת דף נחיתה שלם",
  "author": "עופר שלי - מרצה מנוסה עם מעל 15 שנות וותק בפיתוח וניהול פרוייקטים ומעל 10 שנים בתחום ההדרכה",
  "skill_needed": "HTML + CSS , כל עונה 1 במאנקיס",
  "img_url": "https://monkeys.co.il/course/course2_bs.jpg",
  "price": 250,
  "short_id": "992",
  "position": 1,
  "category": "general",
  "date_created": {
    "$date": "2021-12-13T19:57:40.182Z"
  },
  "user_id": "61b631c2b4f2f6ae4116feb8",
  "__v": 0,
  "videos_sort": [
    "zkcs4g",
    "1os3kq",
    "6tt9px",
    "xjiin3",
    "3cxz1e",
    "729tku",
    "j6woga",
    "wfw6l0",
    "693bxs",
    "r6st6q",
    "90a7ph",
    "tahx0k",
    "h2rw3h",
    "rl8juw",
    "l38o9d",
    "7majhb",
    "8j1z54"
  ],
  "link_outside": ""
},{
  "_id": {
    "$oid": "61c36cee392b218a6ab30019"
  },
  "title": "קורס REACT JS HOOKS -  עונה 7 - לשוק העבודה ",
  "info": "קורס מקיף על ספריית REACT JS HOOKS לשנת 2022  המכיל את כל הפלאגינים החשובים בספרייה לשוק העבודה",
  "author": "עופר שלי - 15 שנים בתחום הפיתוח ו10 שנים בתחום ההדרכה לשוק העבודה",
  "skill_needed": "ידע ב REACT JS הקלאסי שניתן להשלים בעונה 10 באתר מאנקיס",
  "img_url": "https://monkeys.co.il/course/course4_react.jpg",
  "price": 250,
  "short_id": "880",
  "position": 5,
  "category": "",
  "date_created": {
    "$date": "2021-12-22T17:02:17.152Z"
  },
  "videos_sort": [
    "xvpq67",
    "1hlhuw",
    "w4q2xx",
    "hljr2r",
    "1pjn6l",
    "j037oe",
    "ri9t9e",
    "mnlkil",
    "taq2ab",
    "1nzaei",
    "9h8x50",
    "28xyfu",
    "y0e0g5",
    "32jpcp",
    "hj436p",
    "cepk2h",
    "4v95zo",
    "o7lvys",
    "r336sv",
    "zkuyo3",
    "6atu4p",
    "msc7rj",
    "tsqu73",
    "gxzp8i",
    "dtjwhl",
    "9wnn7v",
    "xd7f7z",
    "q9rqq4"
  ],
  "user_id": "61b631c2b4f2f6ae4116feb8",
  "__v": 0,
  "link_outside": ""
},{
  "_id": {
    "$oid": "61c5878d6917fffdd6302cb0"
  },
  "title": "REACT HOOKS סטור גלובלי -  עונה 8 - רידקס וקונטקסט -",
  "info": "לאחר שסיימתם במאנקיס פרימיום את REACT HOOKS לשוק העבודה - עכשיו הגיע הזמן להתמקצע ! וללמוד כיצד לייצר סטור (STATE) גלובלי\nעם ספריית REDUX , אך קודם נבין את העקרון עם ספריית CONTEXT",
  "author": "pstrongעופר שלי /strong- 15 שנים ניסיון בפיתוח FULLSTACK ו 10 שנים בהדרכה - הכניס אלפים לשוק העבודה במהלך שנותיו כמרצה/p",
  "skill_needed": "חובה לעבור קודם את קורס REACT HOOKS לשוק העבודה - שנמצא אצלנו",
  "img_url": "https://monkeys.co.il/course/redux_07.jpg",
  "price": 300,
  "short_id": "882",
  "position": 5,
  "category": "general",
  "date_created": {
    "$date": "2021-12-24T08:40:37.835Z"
  },
  "videos_sort": [
    "1d8aw6",
    "pgzpx5",
    "hcwvj8",
    "26bqbf",
    "0w003h",
    "z58jpu",
    "s8890a",
    "j1jp59",
    "trm7a2",
    "q97z5y",
    "36q4ky",
    "jk0oyg",
    "aoo7lc",
    "874kc9"
  ],
  "user_id": "61b631c2b4f2f6ae4116feb8",
  "__v": 0,
  "link_outside": ""
},{
  "_id": {
    "$oid": "61cdc3b7fd3b107503b6e143"
  },
  "title": "קורס JS OOP - עונה 4 החדשה! - תכנות JS מונחה עצמים - חלק א'",
  "info": "בקורס זה נלמד ונבין כיצד לתכנת תכנות מונחה עצמים (OBJECT ORIENTED PROGRAM) סגנון תכנות שבכל פרוייקט מודרני ובכל חברת היי טק קיים",
  "author": "עופר שלי - מרצה מנוסה עם מעל 15 שנות וותק בפיתוח וניהול פרוייקטים ומעל 10 שנים בתחום ההדרכה והכניס אלפים לשוק העבודה מאז 2013",
  "skill_needed": "קורס בסיס JS + תרגול JS",
  "img_url": "https://monkeys.co.il/course/js_oop.jpg",
  "price": 250,
  "short_id": "993",
  "position": 3,
  "category": "general",
  "date_created": {
    "$date": "2021-12-30T09:34:11.845Z"
  },
  "videos_sort": [
    "i6w4qq",
    "nizwlg",
    "610k3p",
    "329uur",
    "0xx70p",
    "01ux7a",
    "pee0bp",
    "0mur7z",
    "gdiuqr",
    "je2jc1",
    "zvjfr5",
    "k5giw0",
    "wup3nx",
    "k9gwpm",
    "4gxz4l",
    "wtis7c",
    "j0kwa4",
    "xs00fh",
    "i843gl",
    "xmd69l",
    "yg6okw",
    "r5f2tl",
    "bf6mtq",
    "c6x4my",
    "u3dleq"
  ],
  "user_id": "61b631c2b4f2f6ae4116feb8",
  "__v": 0,
  "link_outside": ""
},{
  "_id": {
    "$oid": "61cdc47dfd3b107503b6e148"
  },
  "title": "קורס ECMA 6+ 2022 (עונה 5 במאנקיס)",
  "info": "בקורס זה נלמד את כל הפקודות החדשות שנכנסו לשפת ה JS בגרסת ה ECMA 6+ כגון ARROW FUNCTION , SPREA OPREATORES, בקשות API , PROMISE , פקודת ASYNC AWAIT ועוד...",
  "author": "עופר שלי - 15 שנים ניסיון בפיתוח FULLSTACK ו 10 שנים בהדרכה - הכניס אלפים לשוק העבודה במהלך שנותיו כמרצה",
  "skill_needed": "לעבור את קורס OOP במאנקיס עונה 4 והקורס ב MONKEYS PASS PREMIUM",
  "img_url": "https://monkeys.co.il/course/course1.jpg",
  "price": 250,
  "short_id": "884",
  "position": 4,
  "category": "general",
  "date_created": {
    "$date": "2021-12-30T09:34:11.845Z"
  },
  "videos_sort": [
    "g9ny0f",
    "vg9lqu",
    "wppfwd",
    "mt4sbr",
    "qpd783",
    "9ps2am",
    "mfryak",
    "5a6tmi",
    "4q4afb",
    "yhnd7b",
    "mksh7w",
    "lwy524",
    "l5lqzd",
    "2ilmkd",
    "sp0s6l",
    "fbuoch",
    "3ou4sa",
    "1zij20",
    "t2x0a9"
  ],
  "user_id": "61b631c2b4f2f6ae4116feb8",
  "__v": 0
},{
  "_id": {
    "$oid": "61dc8c6340476a88322768e3"
  },
  "title": "קורס JS OOP API - תרגולים חלק ב'",
  "info": "קורס זה הינו המשך לקורס JS מתקדם + תכנות מונחה עצמים ובקורס זה נמשיך לבצע תרגולים מראיונות עבודה ומשימות במכללות שונות",
  "author": "עופר שלי - מרצה מנוסה עם מעל 15 שנות וותק בפיתוח וניהול פרוייקטים ומעל 10 שנים בתחום ההדרכה",
  "skill_needed": "קורס JS מתקדם שנמצא באתר פרימיםו",
  "img_url": "https://monkeys.co.il/course/js_oop.jpg",
  "price": 250,
  "short_id": "157",
  "position": 3,
  "category": "general",
  "date_created": {
    "$date": "2022-01-10T17:59:29.144Z"
  },
  "videos_sort": [
    "mxz877",
    "k8bku9",
    "51bd1o",
    "5pej2j",
    "eagnhv",
    "kev5fy",
    "w4zwnz",
    "d4ysvn",
    "sjmhfe",
    "4k29qw",
    "rqot1n",
    "69w25k",
    "ngyemh",
    "40erk5",
    "k8qkqp"
  ],
  "user_id": "61b631c2b4f2f6ae4116feb8",
  "__v": 0
},{
  "_id": {
    "$oid": "61df2f999169a970f37baddc"
  },
  "title": "קורס NODEJS EXPRESS MONGO - API - עונה 11",
  "info": "בקורס זה נלמד על כל חלקי הצד שרת של ה MEA/RN STACK  ונלמד לייצר API\nובו נתקשר בין צד שרת למסד נתונים MONGO DB (בהמשך יעלו סרטונים על SQL) וכיצד לעבוד עם EXPRESS ולייצר מערכת API משלנו",
  "author": "עופר שלי - מרצה מנוסה עם מעל 15 שנות וותק בפיתוח וניהול פרוייקטים ומעל 10 שנים בתחום ההדרכה",
  "skill_needed": "ידע ב JS - קורס ECMA 6 (עונה 3 עד 5 ב מאנקיס)",
  "img_url": "https://monkeys-vod.herokuapp.com/images/course3_node.jpg",
  "price": 250,
  "short_id": "900",
  "position": 7,
  "category": "general",
  "date_created": {
    "$date": "2022-01-12T16:21:36.855Z"
  },
  "videos_sort": [
    "qgx3m3",
    "5i55g0",
    "bhg4oh",
    "vfksl9",
    "as526r",
    "qp3bll",
    "9mr2z7",
    "mar4ts",
    "yrxfm7",
    "sl2ydd",
    "fjf8rm",
    "uunbua",
    "ld4qw9",
    "kd3yl4",
    "2f2gy1",
    "8yqe27",
    "cdt1uy",
    "w3xv2j",
    "sheiup",
    "pd7rcx"
  ],
  "user_id": "61b631c2b4f2f6ae4116feb8",
  "__v": 0,
  "link_outside": ""
},{
  "_id": {
    "$oid": "61ed867d9dec4b552248c8ba"
  },
  "title": "קורס SQL מזורז",
  "info": "קורס SQL שיסביר לך את היסודות של שפת השאלתות וכיצד לעבוד מולה",
  "author": "עופר שלי - מרצה בכיר במכללות שונות בישראל מעל 10 שנים נסיון הדרכה ומעל 15 שנים בעולם הפיתוח וניהול צוותי פיתוח",
  "skill_needed": "אין צורך",
  "img_url": "https://images.pexels.com/photos/9577231/pexels-photo-9577231.jpeg?auto=compress&cs=tinysrgb&dpr=1&w=500",
  "price": 200,
  "short_id": "188",
  "link_outside": "https://monkeys.co.il/%d7%9e%d7%93%d7%a8%d7%99%d7%9a-sql-%d7%95%d7%99%d7%93%d7%99%d7%90%d7%95/",
  "position": 999,
  "category": "general",
  "date_created": {
    "$date": "2022-01-23T15:23:31.012Z"
  },
  "videos_sort": [],
  "user_id": "61b631c2b4f2f6ae4116feb8",
  "__v": 0
},{
  "_id": {
    "$oid": "61f6a77c08b581f4d5ce4f58"
  },
  "title": "🎁 קורס NODEJS - בסיס מהתחלה - עונה 9",
  "info": "קורס בסיס להכרות עם עולם השרתים ועולם ה NODEJS",
  "author": "עופר שלי - מפתח מ2005 ומרצה מ2014 במכללות הגדולות בישראל",
  "skill_needed": "<p>ידע ב JS בסיס (עונה 3 ו4 באתר <a href=\"https://monkeys.co.il/course/nodejs_basic.jpg\">מאנקיס</a>)</p>",
  "img_url": "https://monkeys.co.il/course/nodejs_basic.jpg",
  "price": 0,
  "short_id": "289",
  "link_outside": "",
  "position": 6,
  "category": "general",
  "date_created": {
    "$date": "2022-01-30T14:03:11.983Z"
  },
  "videos_sort": [
    "csenoq",
    "zn2t65",
    "6f0my1",
    "qvbj5k",
    "r77fls",
    "h0wrj9",
    "fwgy6p",
    "zp0g1j",
    "xsnjbi",
    "0oc6fq",
    "cfo7e7",
    "5paxul",
    "hjubkt",
    "bvsik4",
    "w2b78p",
    "a4f2vw",
    "8mn5vz",
    "6che4y",
    "r73fh8"
  ],
  "user_id": "61b631c2b4f2f6ae4116feb8",
  "__v": 0
},{
  "_id": {
    "$oid": "61f6b10c08b581f4d5ce4f7d"
  },
  "title": "🎁 קורס REACT JS בסיס - עונה 6 (10 מקורי)",
  "info": "קורס בסיס לספריית REACT שיכין אתכם לקורס REACT HOOKS לשוק העבודה ובהמשך ללימודי CONTEXT ו REDUX",
  "author": "עופר שלי - מעל 15 שנות ניסיון בפיתוח וניהול צוותים ומעל 10 שנים בתחום ההדרכה",
  "skill_needed": "ידע ב JS עונה 3 ו4 באתר מאנקיס",
  "img_url": "https://monkeys.co.il/course/react_basic.jpg",
  "price": 0,
  "short_id": "883",
  "link_outside": "",
  "position": 4,
  "category": "general",
  "date_created": {
    "$date": "2022-01-30T14:03:11.983Z"
  },
  "videos_sort": [
    "dqxzf4",
    "vle8nc",
    "4nnd6o",
    "6lg679",
    "abbfi4",
    "hzkrkn",
    "7zioxa",
    "bwdg0r",
    "xxjdnn",
    "freoqi",
    "up91kq",
    "ls8t7r",
    "fnhfal",
    "2zmil0",
    "nb5ala",
    "wrr39t"
  ],
  "user_id": "61b631c2b4f2f6ae4116feb8",
  "__v": 0
},{
  "_id": {
    "$oid": "61f6d6d108b581f4d5ce506e"
  },
  "title": "🎁 קורס  MONGO DB - עונה 10 - לתחום ה MEARN STACK",
  "info": "קורס שילמד אותך את הבסיס פלוס למסד הנתונים וכל מה שתצטרך בשביל תחום ה MEARN STACK בצד שרת של NODEJS ו MONGO DB",
  "author": "עופר שלי - 15 פלוס שנים נסיון בפיתוח , 10 שנים פלוס נסיון בהדרכה והכנסת אלפי תלמידים לשוק העבודה",
  "skill_needed": "ידע בסיסי ב NODEJS",
  "img_url": "https://monkeys.co.il/course/mongo_db.jpg",
  "price": 0,
  "short_id": "006",
  "link_outside": "",
  "position": 6,
  "category": "",
  "date_created": {
    "$date": "2022-01-30T14:03:11.983Z"
  },
  "videos_sort": [
    "bawq4m",
    "pljjvo",
    "mhww7c",
    "1q7i0i",
    "i2bjuc",
    "86dbel",
    "d2g4ok",
    "7d16oz",
    "mq29h3"
  ],
  "user_id": "61b631c2b4f2f6ae4116feb8",
  "__v": 0
},{
  "_id": {
    "$oid": "61f96e46b65dbddfd543dd9e"
  },
  "title": "🎁 קורס HTML בסיס - הכרות - עונה 1",
  "info": "גם מסע מסביב לעולם מתחיל בצעד ראשון , וקורס זה הוא הצעד הראשון שלך לעולם ה FULL STACK !",
  "author": "עופר שלי - מרצה עם מעל 15 שנות נסיון בפיתוח וייעוץ ו10 שנים בתחום ההדרכה",
  "skill_needed": "אין - להבין איך לפתוח תיקייה במחשב :) ",
  "img_url": "https://monkeys.co.il/course/html5_basic.jpg",
  "price": 0,
  "short_id": "001",
  "link_outside": "",
  "position": 0,
  "category": "general",
  "date_created": {
    "$date": "2022-02-01T16:43:34.290Z"
  },
  "videos_sort": [
    "vvkezq",
    "k29zzg",
    "yxw4g6",
    "ydbbom",
    "babznj",
    "6jvuvh",
    "vwikhb",
    "iaojyq",
    "yegrnx",
    "nw3m7z",
    "8pptp6",
    "u5h37j",
    "wv1vgo",
    "cku0i4",
    "3vvroi",
    "uho0h8",
    "jdbfvb",
    "dbeu70",
    "806rdj"
  ],
  "user_id": "61b631c2b4f2f6ae4116feb8",
  "__v": 0
},{
  "_id": {
    "$oid": "61fd09a0dc07ba32caae2df7"
  },
  "title": "🎁 קורס CSS3 + HTML5 מתקדם - עונה 1 מתקדם",
  "info": "קורס מתקדם ל CSS 3 ו HTML 5 ",
  "author": "עופר שלי - 15 שנות נסיון בפיתוח ו10 שנים פלוס בהדרכה",
  "skill_needed": "ידע ב HTML ו CSS מהקורס בסיס שלנו (עונה 1)",
  "img_url": "https://monkeys.co.il/course/css3_basic.jpg",
  "price": 0,
  "short_id": "102",
  "link_outside": "",
  "position": 0,
  "category": "general",
  "date_created": {
    "$date": "2022-02-04T11:07:59.940Z"
  },
  "videos_sort": [
    "fzcxb5",
    "4qls4g",
    "qv04bj",
    "64ir7t",
    "i31h55",
    "j7xyj1",
    "hl2mzq",
    "8rbvob",
    "tiaz4o",
    "akrw0e",
    "tfo6dl",
    "ll82ii",
    "lp9ujf",
    "h0k4sr",
    "nu1s9m",
    "zfd4fm"
  ],
  "user_id": "61b631c2b4f2f6ae4116feb8",
  "__v": 0
},{
  "_id": {
    "$oid": "61fed937985fc025eea26fd6"
  },
  "title": "🎁 קורס JS בסיס - עונה 3",
  "info": "במידה ואתם חדשים ל JS ועדיין לא צפית בעונה 3 באתר מאנקיס - קורס זה יעביר לכם את יכולות JS הבסיס כך שתוכלו להתחיל לתרגל וללמוד את ה JS המתקדם יותר",
  "author": "עופר שלי- מעל 15 שנים נסיון פיתוח בחברות הגדולות במשק + 10 שנים בהדרכה במכללות/אונבירסטאות הגדולות בישראל",
  "skill_needed": "HTML ו CSS שתוכלו להשלים בקלות ובחינם באתר שלנו מאנקיס פרימיום",
  "img_url": "https://monkeys.co.il/course/js_basic1.jpg",
  "price": 0,
  "short_id": "003",
  "link_outside": "",
  "position": 2,
  "category": "general",
  "date_created": {
    "$date": "2022-02-05T20:05:03.719Z"
  },
  "videos_sort": [
    "pl4gpd",
    "0s8tse",
    "0cei1n",
    "upcy48",
    "2ry0g6",
    "5aaqwf",
    "id5gwo",
    "uawaga",
    "85hio1",
    "gahrmu",
    "hejzfz",
    "jz2t4p",
    "qaa8fh",
    "77mrbs",
    "0oirn0",
    "66t77r",
    "91yjct",
    "czcl35",
    "fi3hud",
    "170wj5",
    "x16aaa",
    "vgv4hn",
    "lfgh2w",
    "wuxlr8",
    "5j560z",
    "ds1gih",
    "n4ynw7",
    "yhflvs",
    "posu7p",
    "b4s2pp"
  ],
  "user_id": "61b631c2b4f2f6ae4116feb8",
  "__v": 0
}]